<?xml version="1.0" encoding="UTF-8"?>
<!--

Licensed to the Ant-Contrib Project under one or more
 contributor license agreements.  See the NOTICE file distributed with
 this work for additional information regarding copyright ownership.
 The Ant-Contrib Project licenses this file to You under the Apache License, Version 2.0
 (the "License"); you may not use this file except in compliance with
 the License.  You may obtain a copy of the License at

      http://www.apache.org/licenses/LICENSE-2.0

 Unless required by applicable law or agreed to in writing, software
 distributed under the License is distributed on an "AS IS" BASIS,
 WITHOUT WARRANTIES OR CONDITIONS OF ANY KIND, either express or implied.
 See the License for the specific language governing permissions and
 limitations under the License.

  -->
<document xmlns:xhtml="http://www.w3.org/1999/xhtml" xmlns:taskdocs="http://ant-contrib.sf.net/taskdocs">
<properties>
<title>comment</title>
</properties>
<body>
<section name="comment">
<subsection name="Description">Defines a comment to place in the generated project files.</subsection>
<subsection name="parameters as nested elements">
<dl>
<dt>
<a href="about:blank">text</a>
</dt>
<dd/>
</dl>
</subsection>
</section>
</body>
</document>
