<?xml version="1.0" encoding="UTF-8"?>
<!--

Licensed to the Ant-Contrib Project under one or more
 contributor license agreements.  See the NOTICE file distributed with
 this work for additional information regarding copyright ownership.
 The Ant-Contrib Project licenses this file to You under the Apache License, Version 2.0
 (the "License"); you may not use this file except in compliance with
 the License.  You may obtain a copy of the License at

      http://www.apache.org/licenses/LICENSE-2.0

 Unless required by applicable law or agreed to in writing, software
 distributed under the License is distributed on an "AS IS" BASIS,
 WITHOUT WARRANTIES OR CONDITIONS OF ANY KIND, either express or implied.
 See the License for the specific language governing permissions and
 limitations under the License.

  -->
<document xmlns:xhtml="http://www.w3.org/1999/xhtml" xmlns:taskdocs="http://ant-contrib.sf.net/taskdocs">
<properties>
<title>precompileexcept</title>
</properties>
<body>
<section name="precompileexcept">
<subsection name="Description">Specifies files that should not be compiled using precompiled headers.</subsection>
<subsection name="parameters">
<table>
<tr>
<td>
<b>Attribute</b>
</td>
<td>
<b>Description</b>
</td>
<td>
<b>Type</b>
</td>
</tr>
<tr>
<td>dir</td>
<td>Sets the base-directory</td>
<td>File</td>
</tr>
<tr>
<td>includes</td>
<td>Comma or space separated list of file patterns that should not be
 compiled using precompiled headers.</td>
<td>String</td>
</tr>
</table>
</subsection>
<subsection name="parameters as nested elements">
<dl>
<dt>
<a href="ConditionalFileSet.html">fileset</a>
</dt>
<dd>Adds filesets that specify files that should not be processed using
 precompiled headers.</dd>
</dl>
</subsection>
</section>
</body>
</document>
